Applicant ID,Founder Name,Email,Company Name,Current Title,Years of Leadership Experience,Previous Leadership Roles,Team Management Experience,AI/Tech Vision Statement,Industry Focus,Entrepreneurial Background,Previous Startups Founded,Business Development Achievements,Network & Connections,Speaking Engagements,Thought Leadership Activities,Innovation Potential Description,Communication Skills Assessment,LinkedIn Profile,Personal Website
1,Sarah Mitchell,sarah.mitchell@aiventures.com,NeuralFlow Technologies,CEO & Founder,8,"VP of Engineering at TechCorp (3 years), Lead Data Scientist at AI Innovations (2 years), Senior Software Engineer at Google (3 years)","Led teams of 15-50 engineers across multiple products, managed cross-functional teams for AI product launches","AI will democratize access to advanced analytics and decision-making tools, enabling small businesses to compete with enterprise-level insights through accessible, no-code AI platforms",Enterprise AI Solutions,"Founded 2 previous startups: DataViz Pro (acquired by Microsoft 2019), AI Consulting Firm (successful exit)","3 startups: DataViz Pro, AI Consulting Firm, NeuralFlow Technologies","Closed $15M Series A funding, established partnerships with Fortune 500 companies, grew team from 5 to 45 employees","Strong connections in Silicon Valley VC community, advisor to 5+ AI startups, member of AI Ethics Advisory Board","Keynote speaker at AI Summit 2023, TechCrunch Disrupt 2022, Stanford AI Conference","Published 15+ articles on AI democratization, hosts monthly AI Leadership podcast with 10K+ listeners","Pioneering accessible AI tools that require no coding expertise, potential to transform how small businesses leverage AI technology","Exceptional presentation skills, clear technical communication, compelling storytelling ability",https://linkedin.com/in/sarahmitchell-ai,https://sarahmitchell.ai
2,Marcus Chen,marcus.chen@roboticsai.com,RoboticsAI Labs,CTO & Co-Founder,6,"Director of Robotics at Boston Dynamics (4 years), Senior Robotics Engineer at Tesla (2 years)","Managed robotics engineering teams of 25+ members, led autonomous vehicle development projects","The convergence of AI and robotics will create unprecedented opportunities for automation in healthcare, manufacturing, and daily life, requiring ethical leadership to ensure human-centered development",Healthcare Robotics,"Serial entrepreneur with robotics background, previously founded autonomous drone company","2 startups: SkyDrone Automation, RoboticsAI Labs","Raised $8M seed funding, secured contracts with 3 major hospitals for surgical robotics trials","Active in robotics research community, connections with MIT Robotics Lab, Healthcare Innovation Network","Speaker at Robotics & AI Conference 2023, MIT Technology Review Summit","Co-authored research papers on medical robotics, contributes to open-source robotics frameworks","Developing next-generation surgical robots with haptic feedback and AI-assisted precision","Strong technical communication, ability to explain complex robotics concepts to non-technical audiences",https://linkedin.com/in/marcuschen-robotics,https://marcuschen.robotics
3,Aisha Kowalski,aisha.kowalski@fintech-ai.com,FinTech AI Solutions,Founder & CEO,7,"Head of Product at Stripe (3 years), Product Manager at Goldman Sachs (4 years)","Led product teams of 20+ members, managed global product launches across 15 countries","AI-driven financial services will create more inclusive banking, enabling underserved populations to access credit, investments, and financial planning through intelligent, personalized platforms",Financial AI & Inclusion,"Strong fintech background, consultant for multiple fintech startups","1 previous startup: MicroCredit AI (successful pivot to current company)","Launched products serving 500K+ users, partnerships with 12 community banks, $5M ARR achieved","Extensive network in fintech and banking, advisor to fintech accelerators","Featured speaker at FinTech Week 2023, Money20/20 Conference","Regular contributor to Forbes on AI in finance, hosts FinTech AI podcast","Creating AI-powered microfinance solutions for underbanked communities, potential for massive social impact","Excellent at translating complex financial concepts, persuasive storytelling, strong media presence",https://linkedin.com/in/aishakowalski-fintech,https://aishakowalski.com
4,David Park,david.park@healthtech-ai.com,MedAI Diagnostics,Founder & Chief Medical Officer,5,"Chief Resident at Johns Hopkins Hospital (2 years), Medical Director at Digital Health Startup (3 years)","Led medical teams of 30+ healthcare professionals, managed clinical trial operations","AI will revolutionize medical diagnostics by providing accurate, accessible healthcare solutions to underserved regions, reducing diagnostic errors and improving patient outcomes globally",Healthcare AI & Diagnostics,"Physician-entrepreneur with deep healthcare experience, advisor to multiple health startups","1 startup: MedAI Diagnostics","FDA clearance for AI diagnostic tool, partnerships with 8 hospital systems, clinical trials across 3 countries","Strong connections in medical AI community, collaborates with Stanford Medicine, WHO advisory connections","Keynote at Digital Health Summit 2023, TEDx talk on AI in medicine","Published 25+ peer-reviewed papers on AI diagnostics, editorial board member of Medical AI Journal","Developing AI diagnostic tools for resource-limited settings, potential to impact millions of patients globally","Outstanding clinical communication skills, ability to bridge medical and technical communities",https://linkedin.com/in/davidpark-medai,https://davidpark-md.com
5,Elena Rodriguez,elena.rodriguez@edtech-ai.com,LearnFlow AI,CEO & Founder,9,"VP of Product at Coursera (4 years), Director of Learning at Khan Academy (3 years), Principal Product Manager at Microsoft Education (2 years)","Managed education product teams of 40+ members, led global product strategy for millions of learners","Personalized AI-driven education will adapt to individual learning styles and paces, creating equitable access to quality education regardless of socioeconomic background or geographic location",Educational Technology,"Extensive EdTech leadership, advisor to education nonprofits","2 startups: Adaptive Learning Platform (acquired), LearnFlow AI","Scaled products to 5M+ users, raised $12M Series A, partnerships with 200+ schools","Strong network in education sector, advisor to education accelerators, UNESCO consultant","Keynote speaker at EdTech Hub 2023, ISTE Conference","Thought leader in personalized learning, published book on AI in Education","Pioneering adaptive learning algorithms that identify optimal learning paths for individual students","Exceptional at communicating education impact, inspiring speaker, strong advocacy skills",https://linkedin.com/in/elenarodriguez-edtech,https://elenarodriguez.education
6,James Liu,james.liu@autonomous-systems.com,AutoSense Technologies,Founder & CTO,6,"Principal Engineer at Waymo (3 years), Senior Autonomy Engineer at Uber ATG (3 years)","Led autonomous vehicle engineering teams, managed sensor fusion and perception development","Autonomous systems powered by AI will transform transportation, logistics, and urban planning, creating safer, more efficient cities while reducing environmental impact",Autonomous Vehicles & Smart Cities,"Deep autonomous systems expertise, consultant for automotive industry","1 startup: AutoSense Technologies","$6M seed funding raised, pilot programs with 2 major cities, 15 patents filed","Strong connections in automotive and tech industry, advisor to mobility startups","Speaker at Autonomous Vehicle Summit 2023, Smart Cities Conference","Contributing author to Autonomous Systems Review, hosts technical webinar series","Developing next-generation sensor fusion for autonomous vehicles in complex urban environments","Strong technical presentation skills, clear communicator of complex autonomous systems concepts",https://linkedin.com/in/jamesliu-autonomous,https://jamesliu.tech
7,Priya Mehta,priya.mehta@climate-ai.com,ClimateSync AI,Founder & CEO,5,"Director of Sustainability at Tesla (3 years), Environmental Data Scientist at Google (2 years)","Led sustainability teams across multiple product lines, managed environmental impact initiatives","AI-powered climate solutions will accelerate the transition to sustainable practices by providing actionable insights for carbon reduction, renewable energy optimization, and environmental monitoring",Climate Technology,"Environmental scientist turned entrepreneur, advisor to cleantech startups","1 startup: ClimateSync AI","$4M seed funding, partnerships with 3 major corporations for carbon tracking, B-Corp certification","Strong network in climate tech and sustainability, advisor to environmental accelerators","Keynote at Climate Tech Summit 2023, UN Climate Change Conference","Leading voice in AI for climate action, published research on carbon tracking algorithms","Creating AI platform that helps organizations achieve net-zero emissions through intelligent carbon management","Passionate communicator on climate issues, ability to inspire action and drive change",https://linkedin.com/in/priyamehta-climate,https://priyamehta.climate
8,Alex Thompson,alex.thompson@security-ai.com,CyberShield AI,Founder & CEO,7,"CISO at major financial institution (4 years), Security Director at cybersecurity firm (3 years)","Led cybersecurity teams of 50+ professionals, managed enterprise security operations","AI-driven cybersecurity will proactively identify and neutralize threats before they cause damage, creating a more secure digital infrastructure for businesses and individuals",Cybersecurity & AI,"Cybersecurity veteran with deep technical expertise, advisor to security startups","1 startup: CyberShield AI","$8M Series A funding, contracts with Fortune 100 companies, 40+ enterprise clients","Extensive network in cybersecurity industry, advisor to security accelerators","Featured speaker at RSA Conference 2023, Black Hat Security Conference","Regular contributor to cybersecurity publications, hosts security leadership podcast","Developing AI that can predict and prevent cyber attacks using behavioral analysis and threat intelligence","Authoritative speaker on security topics, clear technical communication, strong industry credibility",https://linkedin.com/in/alexthompson-cyber,https://alexthompson.security
9,Maria Santos,maria.santos@retail-ai.com,RetailMind AI,CEO & Founder,6,"VP of Digital Innovation at Target (3 years), Director of E-commerce at Amazon (3 years)","Led digital transformation teams, managed omnichannel retail strategies","AI will revolutionize retail by creating hyper-personalized shopping experiences, optimizing inventory management, and bridging the gap between online and offline commerce",Retail Technology,"Retail industry veteran with digital transformation expertise","1 startup: RetailMind AI","$5M seed funding, pilots with 15 retail chains, 200% revenue growth year-over-year","Strong connections in retail industry, advisor to retail tech startups","Speaker at National Retail Federation 2023, Retail Innovation Summit","Published thought leadership on AI in retail, contributes to retail industry publications","Creating AI platform that provides real-time customer insights and personalized shopping recommendations","Excellent at presenting retail ROI, persuasive business communication, strong industry expertise",https://linkedin.com/in/mariasantos-retail,https://mariasantos.retail
10,Kevin Zhang,kevin.zhang@manufacturing-ai.com,SmartFactory AI,Founder & CTO,8,"VP of Operations at manufacturing company (4 years), Director of Industrial AI at GE (4 years)","Led operational excellence teams, managed smart manufacturing implementations","AI-powered manufacturing will enable mass customization, predictive maintenance, and zero-waste production, revolutionizing how we create physical products",Industrial AI & Manufacturing,"Deep manufacturing and operations expertise, advisor to Industry 4.0 initiatives","2 startups: Industrial IoT Platform (successful exit), SmartFactory AI","$10M Series A raised, deployments in 25+ manufacturing facilities, 30% efficiency improvements demonstrated","Strong network in manufacturing and industrial sectors, connections with major OEMs","Speaker at Manufacturing Technology Summit 2023, Industry 4.0 Conference","Published research on smart manufacturing, contributing author to Industrial AI handbook","Developing AI systems that enable fully autonomous manufacturing with real-time quality control","Strong technical and business communication, proven ability to translate AI benefits to manufacturing executives",https://linkedin.com/in/kevinzhang-manufacturing,https://kevinzhang.manufacturing