Applicant ID,Team Name,Applicant Name,Email,Project Title,Project Description,Technology Stack,Problem Statement,Innovation Approach,Technical Implementation,UX/UI Quality,Business Potential,Presentation Quality,GitHub URL,Demo URL,Team Size
1,AIHealthTech,Sarah Chen,sarah.chen@email.com,HealthAI Assistant,"An AI-powered health assistant that helps patients manage chronic conditions through personalized recommendations and medication reminders","Python, TensorFlow, React, Node.js, MongoDB","Managing chronic health conditions requires constant monitoring and personalized care, but patients often struggle with medication adherence and lifestyle management","Novel use of multimodal AI combining patient data, medical literature, and real-time health monitoring to provide contextual recommendations","Implemented transformer-based NLP for medical text analysis, integrated with wearable devices, and built scalable microservices architecture","Clean, intuitive interface with accessibility features, tested with healthcare professionals and patients","Strong market potential in the $200B healthcare tech market, with clear revenue model through B2B2C partnerships","Clear demo presentation, strong team communication, and compelling value proposition",https://github.com/aihealthtech/health-assistant,https://healthai-demo.herokuapp.com,4
2,EcoPredict,Marcus Rodriguez,marcus.rodriguez@email.com,Climate Impact Predictor,"Machine learning platform that predicts climate change impact on agriculture and helps farmers adapt their practices","Python, PyTorch, FastAPI, React, PostgreSQL","Climate change is significantly impacting agricultural yields, but farmers lack predictive tools to adapt their practices proactively","Innovative ensemble model combining satellite imagery, weather data, and soil conditions to predict crop yields and suggest adaptive farming strategies","Built custom CNN models for satellite image analysis, integrated multiple data sources, implemented real-time prediction API","User-friendly dashboard with interactive maps and clear visualizations for non-technical users","Addresses critical global challenge, potential for government partnerships and agricultural insurance integration","Excellent technical demo with real data, clear business case, and passionate team presentation",https://github.com/ecopredict/climate-farming,https://ecopredict-demo.vercel.app,3
3,FinSecure,Aisha Patel,aisha.patel@email.com,AI Fraud Detection System,"Real-time fraud detection system using advanced ML algorithms to identify suspicious financial transactions","Python, Scikit-learn, Apache Kafka, React, Redis","Financial fraud costs banks billions annually, but traditional rule-based systems have high false positive rates and miss sophisticated attacks","Novel approach using graph neural networks to analyze transaction patterns and social connections for more accurate fraud detection","Implemented GNN models with real-time processing using Kafka streams, achieved 95% accuracy with 0.1% false positive rate","Clean web interface for fraud analysts with clear alert prioritization and investigation tools","Huge market opportunity in fintech security, proven ROI for banks, and potential for regulatory compliance solutions","Strong technical presentation with impressive performance metrics and clear business value",https://github.com/finsecure/fraud-detection,https://finsecure-demo.netlify.com,5
4,VoiceAccess,James Kim,james.kim@email.com,Accessibility Voice Interface,"AI-powered voice interface that enables hands-free computer control for users with mobility impairments","Python, Speech Recognition, TensorFlow, Electron, C++","People with mobility impairments face significant barriers in computer interaction, existing voice control solutions are limited and not contextually aware","Advanced voice control system with context awareness, custom command learning, and multi-modal interaction support","Built custom speech recognition models optimized for accessibility, implemented low-latency voice processing, and created cross-platform desktop app","Highly accessible interface design following WCAG guidelines, tested extensively with disability advocacy groups","Strong social impact potential, opportunities for partnerships with assistive technology companies and healthcare organizations","Compelling demo showing real-world impact, emotional presentation highlighting user stories and social benefit",https://github.com/voiceaccess/accessibility-interface,https://voiceaccess-demo.github.io,2
5,SmartLogistics,Elena Kowalski,elena.kowalski@email.com,Supply Chain Optimizer,"AI-driven supply chain optimization platform that reduces costs and improves delivery times through intelligent routing and inventory management","Python, Reinforcement Learning, Vue.js, Flask, MySQL","Global supply chains are increasingly complex, leading to inefficiencies, delays, and increased costs, especially post-pandemic","Reinforcement learning approach to dynamic route optimization and inventory management, considering real-time constraints and demand fluctuations","Implemented deep RL models for multi-objective optimization, integrated with existing ERP systems, built scalable cloud architecture","Intuitive dashboard with supply chain visualization, drag-and-drop planning interface, and mobile-responsive design","Large addressable market in logistics tech, potential for significant cost savings for enterprise customers","Professional presentation with detailed market analysis, customer validation, and implementation roadmap",https://github.com/smartlogistics/supply-optimizer,https://smartlogistics-demo.com,4
6,EduPersonalize,Ryan O'Connor,ryan.oconnor@email.com,Adaptive Learning Platform,"Personalized education platform that adapts content difficulty and learning paths based on individual student performance and learning style","Python, TensorFlow, React, GraphQL, PostgreSQL","One-size-fits-all education doesn't work for diverse learning styles and paces, leading to student disengagement and poor outcomes","Adaptive learning algorithm that continuously adjusts content difficulty and suggests personalized learning paths based on learning analytics","Built recommendation system using collaborative filtering and content-based approaches, implemented real-time analytics dashboard","Engaging student interface with gamification elements, comprehensive teacher dashboard with progress tracking","Growing EdTech market, potential for K-12 and corporate training applications, subscription-based revenue model","Engaging presentation with student success stories, clear pedagogical foundation, and scalable business model",https://github.com/edupersonalize/adaptive-learning,https://edupersonalize-demo.herokuapp.com,3
7,CyberGuardian,Priya Sharma,priya.sharma@email.com,AI Cybersecurity Monitor,"Intelligent cybersecurity monitoring system that detects and responds to threats in real-time using behavioral analysis","Python, Deep Learning, Elasticsearch, Angular, Docker","Traditional signature-based cybersecurity systems fail against zero-day attacks and sophisticated threats, leaving organizations vulnerable","Novel behavioral analysis approach using unsupervised learning to detect anomalous network patterns and user behaviors","Implemented autoencoders for anomaly detection, built real-time monitoring pipeline, integrated with existing SIEM systems","Clean security dashboard with threat visualization, alert management, and incident response workflows","Critical need in cybersecurity market, enterprise customers willing to pay premium for advanced threat detection","Strong technical demo showing threat detection capabilities, clear security expertise, and enterprise-focused approach",https://github.com/cyberguardian/threat-monitor,https://cyberguardian-demo.com,4
8,RetailInsights,David Thompson,david.thompson@email.com,Customer Behavior Analytics,"AI-powered customer behavior analysis platform for retail businesses to optimize store layouts and inventory management","Python, Computer Vision, React, Django, PostgreSQL","Retail businesses struggle to understand customer behavior in physical stores, leading to suboptimal store layouts and inventory decisions","Computer vision system that analyzes customer movement patterns, dwell times, and product interactions without compromising privacy","Implemented YOLO-based object detection for customer tracking, built heatmap generation algorithms, created privacy-preserving analytics","Comprehensive analytics dashboard with heatmaps, customer flow visualization, and actionable insights for store managers","Large retail analytics market, clear ROI for retailers through improved sales and operational efficiency","Professional presentation with pilot customer results, strong market validation, and clear go-to-market strategy",https://github.com/retailinsights/behavior-analytics,https://retailinsights-demo.netlify.com,3
9,MindfulAI,Lisa Zhang,lisa.zhang@email.com,Mental Health Companion,"AI-powered mental health companion that provides personalized coping strategies and early intervention for anxiety and depression","Python, NLP, React Native, Node.js, MongoDB","Mental health support is often inaccessible, expensive, and not available 24/7, leading to unmet needs and crisis situations","Empathetic AI chatbot using advanced NLP and psychological frameworks to provide personalized mental health support and early intervention","Built transformer-based conversation models trained on therapeutic dialogues, implemented mood tracking algorithms, created secure data handling","Calming, accessible mobile interface designed with mental health professionals, includes crisis intervention features","Growing mental health tech market, potential for healthcare partnerships and insurance coverage","Sensitive and well-researched presentation emphasizing ethical considerations, clinical validation, and user privacy",https://github.com/mindfulai/mental-health-companion,https://mindfulai-demo.app,2
10,GreenEnergy,Alex Foster,alex.foster@email.com,Smart Grid Optimizer,"Machine learning system that optimizes renewable energy distribution in smart grids to maximize efficiency and reduce waste","Python, Time Series Analysis, Vue.js, FastAPI, InfluxDB","Renewable energy integration into power grids is complex due to variability, leading to inefficiencies and grid instability","Predictive modeling approach combining weather forecasting, energy demand patterns, and grid constraints for optimal energy distribution","Implemented LSTM networks for energy demand forecasting, built real-time optimization algorithms, integrated with smart meter data","Professional grid monitoring interface with real-time energy flow visualization and predictive analytics","Critical infrastructure need, potential for utility partnerships and government contracts for smart city initiatives","Technical presentation with grid simulation demo, strong understanding of energy sector challenges and regulatory environment",https://github.com/greenenergy/grid-optimizer,https://greenenergy-demo.com,5