Startup ID,Company Name,Founder Name,Email,Pitch Title,Business Model Description,Revenue Model,Market Size Assessment,Target Audience,Competitive Landscape Analysis,Team Background,Technical Expertise,Complementary Skills,Product Development Stage,MVP Description,Technical Feasibility,User Feedback,Development Roadmap,Current Traction,Revenue Generated,Customer Acquisition,Partnerships,Market Validation,Pitch Presentation Quality,Storytelling Effectiveness,Innovation Factor,Funding Requested,Use of Funds
1,QuantumSafe Crypto,Dr. Lisa Chen,lisa.chen@quantumsafe.com,Post-Quantum Cryptography for Enterprise Security,"SaaS platform providing quantum-resistant encryption solutions for enterprises preparing for the post-quantum computing era","Subscription-based SaaS model: $50K-500K annually per enterprise based on data volume and number of endpoints","$12B cybersecurity market growing to $20B by 2025 with quantum computing threat driving urgent need for quantum-safe solutions","Fortune 1000 companies, government agencies, financial institutions, healthcare organizations handling sensitive data","Limited direct competition in post-quantum crypto, but facing competition from traditional security vendors slowly adopting quantum-safe solutions","PhD in Quantum Computing from MIT, former NSA cryptographer, team of 8 with quantum and cryptography expertise","Deep quantum computing knowledge, cryptography implementation experience, enterprise security background","Strong technical team with complementary skills in quantum physics, software engineering, sales, and cybersecurity","MVP completed with pilot deployments, working on enterprise-grade scalability and compliance certifications","Functional quantum-resistant encryption platform with API integration, dashboard for key management and threat monitoring","Proven algorithms based on NIST post-quantum standards, successfully tested against quantum simulation attacks","Positive feedback from 5 pilot customers, 95% satisfaction rate, requests for additional features and broader deployment","Q1 2024: Enterprise compliance, Q2: Multi-cloud support, Q3: API marketplace launch, Q4: International expansion","3 pilot customers, $150K in pilot contracts, partnerships with 2 cybersecurity consultants","$150K in pilot revenue, $500K in signed LOIs for full deployment","Acquired 3 enterprise pilot customers through direct sales, security conference networking, and partner referrals","Strategic partnerships with Deloitte Cyber and PwC for enterprise deployment, technical partnership with AWS","Strong validation from CISO community, recognition from cybersecurity analysts, featured in quantum computing research","Excellent technical presentation with clear threat demonstration, compelling urgency narrative, professional delivery","Highly engaging storytelling about quantum threat timeline, clear problem-solution fit, strong technical credibility","First-mover advantage in post-quantum enterprise crypto, unique quantum-simulation testing approach, patent-pending key management","$8M Series A","60% R&D and engineering, 25% sales and marketing, 15% operations and compliance"
2,BioAI Therapeutics,Dr. Marcus Rodriguez,marcus.rodriguez@bioai.com,AI-Driven Drug Discovery Platform,"AI platform that accelerates pharmaceutical drug discovery by predicting molecular behavior and optimizing compound design","B2B licensing model: $2-5M upfront per pharmaceutical partner plus milestone payments and royalties on successful drugs","$180B pharmaceutical R&D market with $20B spent annually on failed drug trials, AI-driven discovery could reduce costs by 30-50%","Top 20 pharmaceutical companies, biotech firms, academic research institutions","Competing with established players like Atomwise and Recursion Pharmaceuticals, but differentiated by focus on rare diseases","PhD in Biochemistry and AI from Stanford, former Genentech researcher, team of 12 with drug discovery and ML expertise","Deep understanding of molecular biology, advanced machine learning, pharmaceutical industry experience","Team combines PhD-level scientific expertise with proven AI engineering and pharmaceutical business development experience","Pre-clinical validation completed, platform identifies promising compounds 10x faster than traditional methods","AI platform successfully predicting drug-target interactions with 85% accuracy, validated against known successful drugs","Platform built on proven deep learning architectures, molecular simulation capabilities validated by academic collaborators","Positive validation from 2 pharmaceutical partners, platform identified 3 promising compounds currently in pre-clinical testing","Q1 2024: First partnership agreement, Q2: Pre-clinical trials, Q3: Expand to oncology, Q4: Second pharma partnership","2 pharmaceutical partnerships in development, 3 promising compounds identified, 1 patent application filed","$0 revenue yet, but $3M in signed partnership agreements pending regulatory milestones","Engaging with top 10 pharmaceutical companies through industry conferences and scientific publications","Partnership agreements with Moderna and Roche for specific rare disease programs","Strong scientific validation through peer-reviewed publications and pharmaceutical industry recognition","Outstanding scientific presentation with clear drug discovery expertise, compelling market opportunity narrative","Excellent storytelling connecting personal motivation to solve rare diseases with technical AI capabilities","Novel approach combining quantum molecular simulation with deep learning, potential to transform drug discovery timeline","$15M Series A","70% R&D and platform development, 15% regulatory and compliance, 15% business development and partnerships"
3,UrbanFlow Mobility,Sarah Kim,sarah.kim@urbanflow.com,Smart City Traffic Optimization,"AI-powered traffic management system that reduces urban congestion by 30-40% through real-time optimization and predictive routing","Municipal contracts: $500K-2M per city based on population size, plus ongoing SaaS fees for maintenance and updates","$25B smart cities market growing to $50B by 2025, with traffic management representing $8B segment","City governments, transportation departments, urban planning agencies in metropolitan areas over 500K population","Competing with Siemens, IBM Smart Cities, and Cisco, but differentiated by AI-first approach and proven results","Former Google Maps engineer with urban planning PhD, team of 10 with AI, transportation, and municipal experience","Advanced machine learning expertise, urban planning knowledge, government sales experience","Strong technical team with complementary skills in AI, transportation engineering, public sector sales, and urban policy","Production deployment in 2 pilot cities, demonstrated 35% reduction in traffic congestion and 20% reduction in emissions","Live traffic optimization system processing real-time data from 500+ intersections, mobile app for citizens","Proven scalable architecture handling millions of traffic data points, successful integration with existing traffic infrastructure","Positive feedback from city officials and citizens, 90% satisfaction rate, requests for expansion to additional city zones","Q1 2024: Expand to 5 cities, Q2: Add public transit optimization, Q3: International markets, Q4: Autonomous vehicle integration","2 cities with full deployments, 3 additional cities in pilot phase, 500K+ citizens impacted","$1.2M in revenue from municipal contracts, $800K in recurring SaaS fees","Acquired customers through direct municipal sales, smart city conferences, and government technology procurement processes","Partnerships with traffic hardware vendors, collaboration with MIT Urban Planning Lab","Strong validation through measurable traffic improvements, citizen satisfaction surveys, and municipal endorsements","Professional presentation with impressive traffic improvement data, clear ROI for cities","Compelling narrative about urban livability and environmental impact, backed by strong performance data","Unique AI approach to traffic optimization with proven real-world results, scalable to any city size","$10M Series A","50% sales and marketing to municipalities, 30% R&D and platform expansion, 20% operations and customer success"
4,AgriSense AI,David Foster,david.foster@agrisense.com,Precision Agriculture Intelligence,"AI platform that helps farmers optimize crop yields while reducing water usage and pesticide application through satellite and sensor data analysis","Subscription SaaS: $50-200 per acre annually based on farm size and crop type, plus premium services for crop consulting","$12B precision agriculture market growing to $20B by 2025, driven by climate change and need for sustainable farming","Large-scale farmers, agricultural cooperatives, crop consultants managing 1000+ acres","Competing with John Deere, Climate FieldView, and Granular, differentiated by focus on sustainability and water optimization","Agricultural engineering background with PhD in Machine Learning, team of 8 with farming, AI, and agtech expertise","Deep agricultural domain knowledge, advanced AI and remote sensing capabilities, farming community relationships","Team combines agricultural expertise with technical AI skills and strong connections to farming communities","Product in beta with 25 farms covering 50K acres, demonstrated 15% yield improvement and 25% water reduction","AI platform analyzing satellite imagery and sensor data to provide weekly recommendations for irrigation, fertilization, and pest management","Proven computer vision models for crop health assessment, validated algorithms for yield prediction","Excellent feedback from beta farmers, 85% renewal rate, farmers reporting significant cost savings and yield improvements","Q1 2024: Commercial launch, Q2: Expand to 5 crop types, Q3: Weather prediction integration, Q4: Carbon credit marketplace","25 beta customers covering 50K acres, 85% customer satisfaction, partnerships with 3 agricultural cooperatives","$125K in beta revenue, $400K in signed contracts for commercial launch","Customer acquisition through farming conferences, agricultural cooperative partnerships, and word-of-mouth referrals","Partnerships with agricultural cooperatives, integration with John Deere equipment, collaboration with USDA research","Strong validation from farming community, recognition from agricultural technology associations","Excellent presentation connecting farming challenges to AI solutions, authentic connection to agricultural community","Compelling narrative about sustainable farming and environmental stewardship backed by proven results","Innovative combination of satellite data, IoT sensors, and AI for comprehensive farm optimization","$5M Series A","40% sales and marketing to farmers, 35% R&D and platform development, 25% operations and customer success"
5,HealthStream Analytics,Dr. Emily Watson,emily.watson@healthstream.com,Real-Time Healthcare Analytics,"AI platform that provides real-time insights for hospital operations, patient flow optimization, and predictive health monitoring","Hospital licensing: $100K-1M annually based on hospital size and number of beds, plus implementation and training services","$40B healthcare analytics market growing to $70B by 2025, driven by digital transformation and value-based care","Hospitals, health systems, medical practices with 200+ beds or large patient volumes","Competing with Epic, Cerner, and IBM Watson Health, differentiated by real-time analytics and ease of implementation","MD with health informatics expertise, former hospital administrator, team of 15 with healthcare AI and clinical experience","Deep healthcare domain knowledge, clinical workflow understanding, proven AI implementation in healthcare settings","Team combines clinical expertise with AI engineering, healthcare IT, and hospital administration experience","Production deployment in 3 hospitals, demonstrated 20% improvement in patient flow and 15% reduction in readmissions","Real-time dashboard showing patient flow, bed availability, staffing optimization, and early warning alerts for patient deterioration","HIPAA-compliant platform with proven integration capabilities with major EHR systems","Positive feedback from hospital administrators and clinical staff, 90% user satisfaction, requests for additional clinical modules","Q1 2024: Expand to 10 hospitals, Q2: Add predictive analytics, Q3: Telehealth integration, Q4: Population health management","3 hospital deployments, 5 additional hospitals in pilot phase, serving 15K+ patients daily","$450K in revenue from hospital contracts, $200K in implementation services","Customer acquisition through healthcare conferences, hospital network referrals, and clinical publication recognition","Partnerships with major EHR vendors, collaboration with Mayo Clinic Innovation Lab","Strong clinical validation through improved patient outcomes and hospital efficiency metrics","Outstanding presentation with compelling patient outcome data, clear healthcare expertise","Excellent storytelling connecting technology solutions to improved patient care and hospital efficiency","Unique real-time analytics approach with proven clinical outcomes, differentiated by ease of use for clinical staff","$12M Series A","45% sales and marketing to health systems, 35% R&D and clinical development, 20% regulatory and compliance"
6,EcoEnergy Optimizer,Michael Brown,michael.brown@ecoenergy.com,Smart Building Energy Management,"AI-powered building energy management system that reduces energy consumption by 30-40% through intelligent HVAC and lighting optimization","Building management contracts: $10-50K annually per building based on square footage and energy savings achieved","$15B smart building market growing to $30B by 2025, driven by sustainability goals and energy cost reduction","Commercial real estate owners, property management companies, corporate facilities managing 100K+ sq ft","Competing with Johnson Controls, Honeywell, and Schneider Electric, differentiated by AI-first approach and energy guarantee","Mechanical engineering background with AI specialization, team of 12 with building systems, AI, and energy expertise","Deep understanding of building systems, advanced machine learning for energy optimization, commercial real estate relationships","Team combines technical engineering expertise with AI capabilities and strong commercial real estate industry connections","Deployed in 20 commercial buildings, achieved average 35% energy reduction and $200K annual savings per building","AI system continuously optimizing HVAC, lighting, and electrical systems based on occupancy patterns, weather, and energy prices","Proven integration with major building automation systems, validated energy savings through third-party audits","Excellent feedback from building owners and facility managers, 95% customer satisfaction, strong word-of-mouth referrals","Q1 2024: Expand to 50 buildings, Q2: Add renewable energy integration, Q3: Predictive maintenance, Q4: Smart campus solutions","20 building deployments, 30 additional buildings contracted, $4M in demonstrated annual energy savings","$400K in revenue from building contracts, $150K in energy savings performance bonuses","Customer acquisition through commercial real estate networks, energy efficiency conferences, and existing customer referrals","Partnerships with major building automation vendors, collaboration with Green Building Council","Strong validation through certified energy audits, customer testimonials, and sustainability awards","Professional presentation with impressive energy savings data, clear ROI demonstration for building owners","Compelling narrative about sustainability and cost savings, backed by concrete performance metrics","Innovative AI approach to building energy optimization with guaranteed savings model","$8M Series A","50% sales and marketing to commercial real estate, 30% R&D and platform development, 20% operations and customer success"
7,FinSecure Blockchain,Jennifer Lee,jennifer.lee@finsecure.com,Decentralized Identity Verification,"Blockchain-based identity verification platform that enables secure, privacy-preserving identity management for financial services","B2B SaaS licensing: $100K-500K annually per financial institution based on transaction volume and user base","$25B identity verification market growing to $40B by 2025, driven by digital transformation and regulatory compliance","Banks, fintech companies, crypto exchanges, insurance companies requiring identity verification","Competing with Jumio, Onfido, and traditional KYC providers, differentiated by blockchain technology and privacy preservation","Blockchain technology background with fintech experience, team of 11 with blockchain, cryptography, and financial services expertise","Advanced blockchain and cryptography knowledge, deep understanding of financial regulations and compliance","Team combines blockchain technical expertise with financial services experience and regulatory compliance knowledge","MVP completed with pilot deployments at 2 fintech companies, processing 10K identity verifications monthly","Blockchain platform enabling users to control their identity data while meeting compliance requirements for financial institutions","Proven cryptographic protocols for privacy-preserving verification, successful integration with banking systems","Positive feedback from fintech partners, 98% verification accuracy, significant reduction in onboarding time","Q1 2024: Regulatory approval, Q2: Bank partnerships, Q3: International compliance, Q4: Additional financial services","2 fintech partnerships, 10K monthly verifications, partnerships with 2 compliance consulting firms","$80K in pilot revenue, $300K in signed contracts for full deployment","Customer acquisition through fintech conferences, banking technology events, and regulatory compliance partnerships","Partnerships with compliance consulting firms, technical integration with major banking platforms","Strong validation through regulatory discussions, fintech industry recognition, and privacy advocacy endorsements","Excellent presentation with clear understanding of regulatory requirements and privacy concerns","Compelling narrative about user privacy and regulatory compliance in digital finance","Innovative blockchain approach to identity verification with strong privacy guarantees","$6M Series A","45% regulatory compliance and legal, 35% R&D and blockchain development, 20% sales and business development"
8,RetailVision AI,Thomas Garcia,thomas.garcia@retailvision.com,Computer Vision for Retail Analytics,"AI-powered computer vision platform that analyzes customer behavior in retail stores to optimize layouts, inventory, and marketing","Retail SaaS licensing: $5K-25K monthly per store location based on store size and analytics features","$8B retail analytics market growing to $15B by 2025, driven by omnichannel retail and customer experience optimization","Retail chains, department stores, grocery stores, shopping centers with physical locations","Competing with traditional retail analytics companies and newer AI startups, differentiated by privacy-first computer vision","Computer vision PhD with retail technology experience, team of 9 with CV, retail operations, and data analytics expertise","Advanced computer vision and machine learning expertise, deep understanding of retail operations and customer behavior","Team combines technical AI expertise with retail industry knowledge and strong relationships with retail technology vendors","Deployed in 15 retail stores, providing actionable insights that increased sales by 12% and optimized inventory by 20%","Computer vision system analyzing customer movement, product interactions, and shopping patterns while preserving customer privacy","Proven computer vision models for retail environments, privacy-preserving analytics that comply with data protection regulations","Positive feedback from retail managers, 88% customer satisfaction, clear ROI through increased sales and operational efficiency","Q1 2024: Expand to 50 stores, Q2: Add inventory optimization, Q3: Marketing campaign integration, Q4: Multi-location analytics","15 store deployments, 25 additional stores contracted, demonstrated $2M in incremental sales for retail partners","$180K in monthly recurring revenue, growing 25% monthly","Customer acquisition through retail technology conferences, existing customer referrals, and retail consulting partnerships","Partnerships with retail technology integrators, collaboration with major retail chains for pilot programs","Strong validation through demonstrated sales improvements, retail industry recognition, and customer case studies","Professional presentation with compelling retail ROI data, clear understanding of retail challenges","Excellent storytelling connecting customer behavior insights to business outcomes for retailers","Innovative privacy-preserving computer vision approach with proven retail results","$7M Series A","40% sales and marketing to retail chains, 35% R&D and computer vision development, 25% operations and customer success"
9,MedTech Diagnostics,Dr. Anna Kowalski,anna.kowalski@medtechdiag.com,AI-Powered Medical Imaging Analysis,"AI platform that assists radiologists in detecting early-stage diseases through advanced medical imaging analysis with 95% accuracy","Medical practice licensing: $50K-200K annually per practice based on imaging volume and number of radiologists","$30B medical imaging market growing to $50B by 2025, driven by aging population and early disease detection needs","Hospitals, imaging centers, radiology practices, telehealth platforms providing diagnostic services","Competing with established radiology AI companies like Aidoc and Zebra Medical, differentiated by multi-modal imaging approach","MD radiologist with AI research background, team of 14 with medical imaging, AI, and healthcare regulatory expertise","Deep medical expertise combined with advanced AI capabilities, proven track record in medical device development","Team combines clinical radiology expertise with AI engineering and healthcare regulatory experience","FDA clearance obtained, deployed in 5 medical centers, demonstrated 95% accuracy in early cancer detection","AI platform analyzing X-rays, CT scans, and MRIs to assist radiologists in identifying early-stage cancers and other conditions","Proven AI models trained on millions of medical images, validated through rigorous clinical trials","Excellent feedback from radiologists, 92% user satisfaction, significant improvement in diagnostic accuracy and speed","Q1 2024: Expand to 25 medical centers, Q2: Add cardiac imaging, Q3: International regulatory approval, Q4: Telehealth integration","5 medical center deployments, FDA clearance achieved, 50K+ scans analyzed with 95% accuracy","$250K in revenue from medical center contracts, growing 30% quarterly","Customer acquisition through medical conferences, radiology society partnerships, and clinical publication recognition","Partnerships with major medical imaging equipment vendors, collaboration with leading medical centers","Strong clinical validation through peer-reviewed studies, FDA approval, and radiologist endorsements","Outstanding presentation with compelling clinical data, clear medical expertise and regulatory understanding","Excellent storytelling connecting AI technology to improved patient outcomes and early disease detection","Breakthrough AI accuracy in medical imaging with FDA approval, potential to transform diagnostic medicine","$20M Series B","40% sales and marketing to medical institutions, 35% R&D and clinical development, 25% regulatory and international expansion"
10,SpaceAI Systems,Captain Robert Chen,robert.chen@spaceai.com,Satellite Data Analytics Platform,"AI platform that analyzes satellite imagery for agriculture, environmental monitoring, and disaster response with real-time insights","Enterprise SaaS licensing: $100K-1M annually based on coverage area and data analysis requirements","$10B satellite data market growing to $20B by 2025, driven by climate monitoring and precision agriculture needs","Government agencies, agricultural companies, environmental organizations, insurance companies","Competing with Planet Labs, Maxar, and Google Earth Engine, differentiated by real-time AI analysis and sector-specific solutions","Former NASA engineer with satellite technology background, team of 13 with satellite systems, AI, and geospatial analytics expertise","Advanced satellite technology knowledge, proven AI capabilities for geospatial analysis, government and enterprise relationships","Team combines aerospace engineering expertise with AI capabilities and strong relationships in government and enterprise sectors","Platform analyzing data from 200+ satellites, providing insights for 50+ enterprise customers across agriculture and environmental sectors","AI platform processing terabytes of satellite data daily to provide real-time insights for crop monitoring, environmental changes, and disaster response","Proven scalable architecture processing massive satellite datasets, validated AI models for various geospatial applications","Excellent feedback from government and enterprise customers, 94% customer satisfaction, critical insights for disaster response","Q1 2024: Government contracts, Q2: International expansion, Q3: Climate monitoring services, Q4: Real-time disaster alerts","50+ enterprise customers, government pilot programs, partnerships with 3 satellite operators","$800K in revenue from enterprise contracts, $400K in government pilot contracts","Customer acquisition through aerospace conferences, government contracting, and existing customer referrals","Partnerships with major satellite operators, collaboration with NOAA and NASA for climate monitoring","Strong validation through government partnerships, successful disaster response case studies, and environmental impact measurement","Professional presentation with impressive satellite data capabilities, clear understanding of geospatial applications","Compelling narrative about using space technology to address global challenges like climate change and food security","Innovative real-time AI analysis of satellite data with proven applications across multiple critical sectors","$12M Series A","45% government and enterprise sales, 35% R&D and satellite data processing, 20% operations and data infrastructure"